package,version,status
R,AUTHOR_INPUT_NEEDED,not_available_in_curation_environment
survival,AUTHOR_INPUT_NEEDED,not_executed
survminer,AUTHOR_INPUT_NEEDED,not_executed
glmnet,AUTHOR_INPUT_NEEDED,not_executed
randomForestSRC,AUTHOR_INPUT_NEEDED,not_executed
timeROC,AUTHOR_INPUT_NEEDED,not_executed
ggplot2,AUTHOR_INPUT_NEEDED,not_executed
ggvenn,AUTHOR_INPUT_NEEDED,not_executed
pheatmap,AUTHOR_INPUT_NEEDED,not_executed
patchwork,AUTHOR_INPUT_NEEDED,not_executed
ggpubr,AUTHOR_INPUT_NEEDED,not_executed
reshape2,AUTHOR_INPUT_NEEDED,not_executed
svglite,AUTHOR_INPUT_NEEDED,not_executed
ragg,AUTHOR_INPUT_NEEDED,not_executed

